"id","vote_id","voting_choice_id","alternative_ordinal","create_time","update_time"
"450","243","6","0","2018-06-12 16:00:38","2018-06-12 16:00:38"
"451","243","2","1","2018-06-12 16:00:38","2018-06-12 16:00:38"
"452","244","6","0","2018-06-12 16:06:02","2018-06-12 16:06:02"
"453","244","4","1","2018-06-12 16:06:02","2018-06-12 16:06:02"
"454","245","5","0","2018-06-12 16:24:39","2018-06-12 16:24:39"
"455","246","6","0","2018-06-12 16:25:08","2018-06-12 16:25:08"
"456","246","4","1","2018-06-12 16:25:08","2018-06-12 16:25:08"
"457","247","6","0","2018-06-12 16:26:03","2018-06-12 16:26:03"
"458","247","4","1","2018-06-12 16:26:03","2018-06-12 16:26:03"
"459","248","6","0","2018-06-12 16:28:04","2018-06-12 16:28:04"
"460","248","4","1","2018-06-12 16:28:04","2018-06-12 16:28:04"
"461","249","2","0","2018-06-12 16:35:06","2018-06-12 16:35:06"
"462","249","3","1","2018-06-12 16:35:06","2018-06-12 16:35:06"
"463","250","6","0","2018-06-12 16:35:35","2018-06-12 16:35:35"
"464","250","4","1","2018-06-12 16:35:35","2018-06-12 16:35:35"
"465","251","4","0","2018-06-12 16:46:56","2018-06-12 16:46:56"
"466","251","6","1","2018-06-12 16:46:56","2018-06-12 16:46:56"
"467","252","4","0","2018-06-12 16:49:49","2018-06-12 16:49:49"
"468","252","6","1","2018-06-12 16:49:49","2018-06-12 16:49:49"
"469","253","4","0","2018-06-12 16:55:01","2018-06-12 16:55:01"
"470","253","6","1","2018-06-12 16:55:01","2018-06-12 16:55:01"
"471","254","6","1","2018-06-12 16:57:45","2018-06-12 16:57:45"
"472","254","2","0","2018-06-12 16:57:45","2018-06-12 16:57:45"
"473","255","6","0","2018-06-12 16:58:11","2018-06-12 16:58:11"
"474","255","4","1","2018-06-12 16:58:11","2018-06-12 16:58:11"
"475","256","2","0","2018-06-12 17:05:16","2018-06-12 17:05:16"
"476","256","6","1","2018-06-12 17:05:16","2018-06-12 17:05:16"
"477","257","6","0","2018-06-12 17:06:52","2018-06-12 17:06:52"
"478","257","4","1","2018-06-12 17:06:52","2018-06-12 17:06:52"
"479","258","6","1","2018-06-12 17:07:18","2018-06-12 17:07:18"
"480","258","4","0","2018-06-12 17:07:18","2018-06-12 17:07:18"
"481","259","6","0","2018-06-12 17:09:53","2018-06-12 17:09:53"
"482","259","2","1","2018-06-12 17:09:53","2018-06-12 17:09:53"
"483","260","6","0","2018-06-12 17:10:03","2018-06-12 17:10:03"
"484","261","6","0","2018-06-12 17:10:18","2018-06-12 17:10:18"
"485","261","2","1","2018-06-12 17:10:18","2018-06-12 17:10:18"
"486","262","6","0","2018-06-12 17:10:39","2018-06-12 17:10:39"
"487","262","4","1","2018-06-12 17:10:39","2018-06-12 17:10:39"
"488","263","6","0","2018-06-12 17:11:02","2018-06-12 17:11:02"
"489","263","4","1","2018-06-12 17:11:02","2018-06-12 17:11:02"
"490","264","6","0","2018-06-12 17:11:20","2018-06-12 17:11:20"
"491","264","4","1","2018-06-12 17:11:20","2018-06-12 17:11:20"
"492","265","2","0","2018-06-12 17:12:45","2018-06-12 17:12:45"
"493","265","3","1","2018-06-12 17:12:45","2018-06-12 17:12:45"
"494","266","2","1","2018-06-12 17:13:27","2018-06-12 17:13:27"
"495","266","6","0","2018-06-12 17:13:27","2018-06-12 17:13:27"
"496","267","6","0","2018-06-12 17:15:09","2018-06-12 17:15:09"
"497","267","4","1","2018-06-12 17:15:09","2018-06-12 17:15:09"
"498","268","4","0","2018-06-12 17:17:25","2018-06-12 17:17:25"
"499","268","6","1","2018-06-12 17:17:25","2018-06-12 17:17:25"
"500","269","4","0","2018-06-12 17:18:47","2018-06-12 17:18:47"
"501","269","3","1","2018-06-12 17:18:47","2018-06-12 17:18:47"
"502","270","4","0","2018-06-12 17:19:12","2018-06-12 17:19:12"
"503","270","3","1","2018-06-12 17:19:12","2018-06-12 17:19:12"
"504","271","4","1","2018-06-12 17:20:46","2018-06-12 17:20:46"
"505","271","6","0","2018-06-12 17:20:46","2018-06-12 17:20:46"
"506","272","6","0","2018-06-12 17:22:08","2018-06-12 17:22:08"
"507","272","5","1","2018-06-12 17:22:08","2018-06-12 17:22:08"
"508","273","2","0","2018-06-12 17:22:24","2018-06-12 17:22:24"
"509","273","3","1","2018-06-12 17:22:24","2018-06-12 17:22:24"
"510","274","3","1","2018-06-12 17:22:37","2018-06-12 17:22:37"
"511","274","2","0","2018-06-12 17:22:37","2018-06-12 17:22:37"
"512","275","6","0","2018-06-12 17:24:06","2018-06-12 17:24:06"
"513","275","4","1","2018-06-12 17:24:06","2018-06-12 17:24:06"
"514","276","2","0","2018-06-12 17:25:03","2018-06-12 17:25:03"
"515","276","6","1","2018-06-12 17:25:03","2018-06-12 17:25:03"
"516","277","2","0","2018-06-12 17:26:48","2018-06-12 17:26:48"
"517","277","3","1","2018-06-12 17:26:48","2018-06-12 17:26:48"
"518","278","4","1","2018-06-12 17:29:07","2018-06-12 17:29:07"
"519","278","6","0","2018-06-12 17:29:07","2018-06-12 17:29:07"
"520","279","5","0","2018-06-12 17:30:22","2018-06-12 17:30:22"
"521","279","4","1","2018-06-12 17:30:22","2018-06-12 17:30:22"
"522","280","2","0","2018-06-12 17:33:28","2018-06-12 17:33:28"
"523","280","3","1","2018-06-12 17:33:28","2018-06-12 17:33:28"
"524","281","6","0","2018-06-12 17:35:30","2018-06-12 17:35:30"
"525","281","5","1","2018-06-12 17:35:30","2018-06-12 17:35:30"
"526","282","2","1","2018-06-12 17:39:34","2018-06-12 17:39:34"
"527","282","6","0","2018-06-12 17:39:34","2018-06-12 17:39:34"
"528","283","4","0","2018-06-12 17:41:21","2018-06-12 17:41:21"
"529","284","5","0","2018-06-12 17:41:43","2018-06-12 17:41:43"
"530","284","3","1","2018-06-12 17:41:43","2018-06-12 17:41:43"
"531","285","6","1","2018-06-12 17:46:08","2018-06-12 17:46:08"
"532","285","3","0","2018-06-12 17:46:08","2018-06-12 17:46:08"
"533","286","4","0","2018-06-12 17:57:27","2018-06-12 17:57:27"
"534","286","5","1","2018-06-12 17:57:27","2018-06-12 17:57:27"
"535","287","5","0","2018-06-12 17:58:02","2018-06-12 17:58:02"
"536","287","4","1","2018-06-12 17:58:02","2018-06-12 17:58:02"
"537","288","3","1","2018-06-12 17:58:23","2018-06-12 17:58:23"
"538","288","5","0","2018-06-12 17:58:23","2018-06-12 17:58:23"
"539","289","5","1","2018-06-12 17:58:53","2018-06-12 17:58:53"
"540","289","6","0","2018-06-12 17:58:53","2018-06-12 17:58:53"
"541","290","5","1","2018-06-12 18:01:54","2018-06-12 18:01:54"
"542","290","6","0","2018-06-12 18:01:54","2018-06-12 18:01:54"
"543","291","4","0","2018-06-12 18:04:38","2018-06-12 18:04:38"
"544","291","5","1","2018-06-12 18:04:38","2018-06-12 18:04:38"
"545","292","4","0","2018-06-12 18:05:26","2018-06-12 18:05:26"
"546","293","2","1","2018-06-12 18:05:57","2018-06-12 18:05:57"
"547","293","6","0","2018-06-12 18:05:57","2018-06-12 18:05:57"
"548","294","4","1","2018-06-12 18:11:43","2018-06-12 18:11:43"
"549","294","2","0","2018-06-12 18:11:43","2018-06-12 18:11:43"
"550","295","6","1","2018-06-12 18:16:59","2018-06-12 18:16:59"
"551","295","4","0","2018-06-12 18:16:59","2018-06-12 18:16:59"
"552","296","2","0","2018-06-12 18:22:47","2018-06-12 18:22:47"
"553","296","3","1","2018-06-12 18:22:47","2018-06-12 18:22:47"
"554","297","6","1","2018-06-12 18:25:21","2018-06-12 18:25:21"
"555","297","2","0","2018-06-12 18:25:21","2018-06-12 18:25:21"
"556","298","4","0","2018-06-12 18:25:24","2018-06-12 18:25:24"
"557","299","6","0","2018-06-12 18:27:03","2018-06-12 18:27:03"
"558","299","4","1","2018-06-12 18:27:03","2018-06-12 18:27:03"
"559","300","5","0","2018-06-12 18:29:38","2018-06-12 18:29:38"
"560","300","6","1","2018-06-12 18:29:38","2018-06-12 18:29:38"
"561","301","4","0","2018-06-12 18:29:59","2018-06-12 18:29:59"
"562","301","6","1","2018-06-12 18:29:59","2018-06-12 18:29:59"
"563","302","4","1","2018-06-12 18:30:43","2018-06-12 18:30:43"
"564","302","6","0","2018-06-12 18:30:43","2018-06-12 18:30:43"
"565","303","2","0","2018-06-12 18:42:58","2018-06-12 18:42:58"
"566","303","5","1","2018-06-12 18:42:58","2018-06-12 18:42:58"
"567","304","4","0","2018-06-12 18:45:28","2018-06-12 18:45:28"
"568","305","4","1","2018-06-12 18:56:20","2018-06-12 18:56:20"
"569","305","6","0","2018-06-12 18:56:20","2018-06-12 18:56:20"
"570","306","6","1","2018-06-12 18:56:57","2018-06-12 18:56:57"
"571","306","2","0","2018-06-12 18:56:57","2018-06-12 18:56:57"
"572","307","2","0","2018-06-12 18:59:17","2018-06-12 18:59:17"
"573","307","3","1","2018-06-12 18:59:17","2018-06-12 18:59:17"
"574","308","3","1","2018-06-12 19:06:13","2018-06-12 19:06:13"
"575","308","4","0","2018-06-12 19:06:13","2018-06-12 19:06:13"
"576","309","3","1","2018-06-12 19:11:04","2018-06-12 19:11:04"
"577","309","2","0","2018-06-12 19:11:04","2018-06-12 19:11:04"
"578","310","4","1","2018-06-12 19:12:40","2018-06-12 19:12:40"
"579","310","6","0","2018-06-12 19:12:40","2018-06-12 19:12:40"
"580","311","5","1","2018-06-12 19:13:49","2018-06-12 19:13:49"
"581","311","4","0","2018-06-12 19:13:49","2018-06-12 19:13:49"
"582","312","5","0","2018-06-12 19:17:42","2018-06-12 19:17:42"
"583","312","6","1","2018-06-12 19:17:42","2018-06-12 19:17:42"
"584","313","5","1","2018-06-12 19:18:31","2018-06-12 19:18:31"
"585","313","2","0","2018-06-12 19:18:31","2018-06-12 19:18:31"
"586","314","3","0","2018-06-12 19:18:32","2018-06-12 19:18:32"
"587","314","5","1","2018-06-12 19:18:32","2018-06-12 19:18:32"
"588","315","6","1","2018-06-12 19:19:32","2018-06-12 19:19:32"
"589","315","5","0","2018-06-12 19:19:32","2018-06-12 19:19:32"
"590","316","6","0","2018-06-12 19:19:37","2018-06-12 19:19:37"
"591","316","5","1","2018-06-12 19:19:37","2018-06-12 19:19:37"
"592","317","6","0","2018-06-12 19:19:51","2018-06-12 19:19:51"
"593","317","4","1","2018-06-12 19:19:51","2018-06-12 19:19:51"
"594","318","5","1","2018-06-12 19:20:18","2018-06-12 19:20:18"
"595","318","6","0","2018-06-12 19:20:18","2018-06-12 19:20:18"
"596","319","6","1","2018-06-12 19:21:05","2018-06-12 19:21:05"
"597","319","5","0","2018-06-12 19:21:05","2018-06-12 19:21:05"
"598","320","4","0","2018-06-12 19:21:08","2018-06-12 19:21:08"
"599","320","6","1","2018-06-12 19:21:08","2018-06-12 19:21:08"
"600","321","4","1","2018-06-12 19:21:16","2018-06-12 19:21:16"
"601","321","6","0","2018-06-12 19:21:16","2018-06-12 19:21:16"
"602","322","4","0","2018-06-12 19:22:31","2018-06-12 19:22:31"
"603","322","2","1","2018-06-12 19:22:31","2018-06-12 19:22:31"
"604","323","4","0","2018-06-12 19:23:13","2018-06-12 19:23:13"
"605","323","2","1","2018-06-12 19:23:13","2018-06-12 19:23:13"
"606","324","6","1","2018-06-12 19:23:59","2018-06-12 19:23:59"
"607","324","4","0","2018-06-12 19:23:59","2018-06-12 19:23:59"
"608","325","2","0","2018-06-12 19:24:03","2018-06-12 19:24:03"
"609","325","6","1","2018-06-12 19:24:03","2018-06-12 19:24:03"
"610","326","2","0","2018-06-12 19:24:41","2018-06-12 19:24:41"
"611","326","3","1","2018-06-12 19:24:41","2018-06-12 19:24:41"
"612","327","4","0","2018-06-12 19:26:23","2018-06-12 19:26:23"
"613","327","6","1","2018-06-12 19:26:23","2018-06-12 19:26:23"
"614","328","4","1","2018-06-12 19:33:49","2018-06-12 19:33:49"
"615","328","2","0","2018-06-12 19:33:49","2018-06-12 19:33:49"
"616","329","4","0","2018-06-12 19:34:17","2018-06-12 19:34:17"
"617","329","3","1","2018-06-12 19:34:17","2018-06-12 19:34:17"
"618","330","2","1","2018-06-12 19:47:43","2018-06-12 19:47:43"
"619","330","4","0","2018-06-12 19:47:43","2018-06-12 19:47:43"
"620","331","4","1","2018-06-12 19:50:58","2018-06-12 19:50:58"
"621","331","6","0","2018-06-12 19:50:58","2018-06-12 19:50:58"
"622","332","4","1","2018-06-12 19:53:26","2018-06-12 19:53:26"
"623","332","2","0","2018-06-12 19:53:27","2018-06-12 19:53:27"
"624","333","6","1","2018-06-12 20:00:03","2018-06-12 20:00:03"
"625","333","5","0","2018-06-12 20:00:03","2018-06-12 20:00:03"
"626","334","3","1","2018-06-12 20:00:51","2018-06-12 20:00:51"
"627","334","6","0","2018-06-12 20:00:51","2018-06-12 20:00:51"
"628","335","5","0","2018-06-12 20:02:30","2018-06-12 20:02:30"
"629","335","2","1","2018-06-12 20:02:30","2018-06-12 20:02:30"
"630","336","5","0","2018-06-12 20:04:35","2018-06-12 20:04:35"
"631","336","6","1","2018-06-12 20:04:35","2018-06-12 20:04:35"
"632","337","6","1","2018-06-12 20:11:14","2018-06-12 20:11:14"
"633","337","4","0","2018-06-12 20:11:14","2018-06-12 20:11:14"
"634","338","5","0","2018-06-12 20:15:12","2018-06-12 20:15:12"
"635","338","4","1","2018-06-12 20:15:12","2018-06-12 20:15:12"
"636","339","4","0","2018-06-12 20:31:17","2018-06-12 20:31:17"
"637","339","2","1","2018-06-12 20:31:17","2018-06-12 20:31:17"
"638","340","4","1","2018-06-12 20:33:35","2018-06-12 20:33:35"
"639","340","2","0","2018-06-12 20:33:35","2018-06-12 20:33:35"
"640","341","3","1","2018-06-12 20:52:05","2018-06-12 20:52:05"
"641","341","2","0","2018-06-12 20:52:05","2018-06-12 20:52:05"
"642","342","6","0","2018-06-12 20:54:12","2018-06-12 20:54:12"
"643","342","4","1","2018-06-12 20:54:12","2018-06-12 20:54:12"
"644","343","4","1","2018-06-12 20:59:52","2018-06-12 20:59:52"
"645","343","6","0","2018-06-12 20:59:52","2018-06-12 20:59:52"
"646","344","2","1","2018-06-12 21:02:22","2018-06-12 21:02:22"
"647","344","4","0","2018-06-12 21:02:22","2018-06-12 21:02:22"
"648","345","5","0","2018-06-12 21:03:29","2018-06-12 21:03:29"
"649","345","4","1","2018-06-12 21:03:29","2018-06-12 21:03:29"
"650","346","2","0","2018-06-12 21:08:41","2018-06-12 21:08:41"
"651","346","6","1","2018-06-12 21:08:41","2018-06-12 21:08:41"
"652","347","5","1","2018-06-12 21:16:49","2018-06-12 21:16:49"
"653","347","2","0","2018-06-12 21:16:49","2018-06-12 21:16:49"
"654","348","6","0","2018-06-12 21:19:32","2018-06-12 21:19:32"
"655","348","5","1","2018-06-12 21:19:32","2018-06-12 21:19:32"
"656","349","6","0","2018-06-12 21:20:37","2018-06-12 21:20:37"
"657","349","2","1","2018-06-12 21:20:37","2018-06-12 21:20:37"
"658","351","4","0","2018-06-12 21:26:43","2018-06-12 21:26:43"
"659","351","2","1","2018-06-12 21:26:43","2018-06-12 21:26:43"
"660","352","4","1","2018-06-12 21:29:22","2018-06-12 21:29:22"
"661","352","6","0","2018-06-12 21:29:22","2018-06-12 21:29:22"
"662","353","5","1","2018-06-12 21:31:47","2018-06-12 21:31:47"
"663","353","6","0","2018-06-12 21:31:47","2018-06-12 21:31:47"
"664","354","4","0","2018-06-12 21:37:09","2018-06-12 21:37:09"
"665","355","6","0","2018-06-12 21:37:23","2018-06-12 21:37:23"
"666","356","6","0","2018-06-12 21:37:41","2018-06-12 21:37:41"
"667","356","2","1","2018-06-12 21:37:41","2018-06-12 21:37:41"
"668","357","4","0","2018-06-12 22:00:59","2018-06-12 22:00:59"
"669","357","6","1","2018-06-12 22:00:59","2018-06-12 22:00:59"
"670","358","5","1","2018-06-12 22:03:01","2018-06-12 22:03:01"
"671","358","2","0","2018-06-12 22:03:01","2018-06-12 22:03:01"
"672","359","6","1","2018-06-12 22:18:51","2018-06-12 22:18:51"
"673","359","4","0","2018-06-12 22:18:51","2018-06-12 22:18:51"
"674","360","2","1","2018-06-12 22:25:21","2018-06-12 22:25:21"
"675","360","5","0","2018-06-12 22:25:21","2018-06-12 22:25:21"
"676","361","5","0","2018-06-12 22:26:04","2018-06-12 22:26:04"
"677","361","6","1","2018-06-12 22:26:04","2018-06-12 22:26:04"
"678","362","4","1","2018-06-12 22:34:17","2018-06-12 22:34:17"
"679","362","6","0","2018-06-12 22:34:17","2018-06-12 22:34:17"
"680","363","2","0","2018-06-12 22:40:48","2018-06-12 22:40:48"
"681","363","4","1","2018-06-12 22:40:48","2018-06-12 22:40:48"
"682","364","6","0","2018-06-12 22:45:21","2018-06-12 22:45:21"
"683","364","4","1","2018-06-12 22:45:21","2018-06-12 22:45:21"
"684","365","6","0","2018-06-12 22:58:13","2018-06-12 22:58:13"
"685","365","4","1","2018-06-12 22:58:13","2018-06-12 22:58:13"
"686","366","4","1","2018-06-12 23:14:34","2018-06-12 23:14:34"
"687","366","5","0","2018-06-12 23:14:34","2018-06-12 23:14:34"
"688","367","4","0","2018-06-12 23:22:43","2018-06-12 23:22:43"
"689","367","6","1","2018-06-12 23:22:43","2018-06-12 23:22:43"
"690","368","5","1","2018-06-12 23:32:06","2018-06-12 23:32:06"
"691","368","4","0","2018-06-12 23:32:06","2018-06-12 23:32:06"
"692","369","4","1","2018-06-12 23:51:17","2018-06-12 23:51:17"
"693","369","6","0","2018-06-12 23:51:17","2018-06-12 23:51:17"
"694","370","5","0","2018-06-13 00:04:56","2018-06-13 00:04:56"
"695","370","2","1","2018-06-13 00:04:56","2018-06-13 00:04:56"
"696","371","4","1","2018-06-13 00:06:23","2018-06-13 00:06:23"
"697","371","6","0","2018-06-13 00:06:23","2018-06-13 00:06:23"
"698","372","3","1","2018-06-13 00:36:17","2018-06-13 00:36:17"
"699","372","2","0","2018-06-13 00:36:17","2018-06-13 00:36:17"
"700","373","2","0","2018-06-13 01:07:36","2018-06-13 01:07:36"
"701","373","3","1","2018-06-13 01:07:36","2018-06-13 01:07:36"
"702","374","5","0","2018-06-13 01:09:08","2018-06-13 01:09:08"
"703","374","2","1","2018-06-13 01:09:08","2018-06-13 01:09:08"
"704","375","6","0","2018-06-13 01:14:30","2018-06-13 01:14:30"
"705","375","4","1","2018-06-13 01:14:30","2018-06-13 01:14:30"
"706","376","4","0","2018-06-13 01:18:36","2018-06-13 01:18:36"
"707","376","3","1","2018-06-13 01:18:36","2018-06-13 01:18:36"
"708","377","2","0","2018-06-13 01:27:32","2018-06-13 01:27:32"
"709","378","4","1","2018-06-13 02:12:41","2018-06-13 02:12:41"
"710","378","6","0","2018-06-13 02:12:41","2018-06-13 02:12:41"
"711","379","2","1","2018-06-13 02:18:12","2018-06-13 02:18:12"
"712","379","4","0","2018-06-13 02:18:12","2018-06-13 02:18:12"
"713","380","3","1","2018-06-13 03:01:13","2018-06-13 03:01:13"
"714","380","2","0","2018-06-13 03:01:13","2018-06-13 03:01:13"
"715","381","6","0","2018-06-13 03:45:03","2018-06-13 03:45:03"
"716","381","4","1","2018-06-13 03:45:03","2018-06-13 03:45:03"
"717","382","4","1","2018-06-13 04:43:08","2018-06-13 04:43:08"
"718","382","6","0","2018-06-13 04:43:08","2018-06-13 04:43:08"
"719","383","2","1","2018-06-13 05:30:25","2018-06-13 05:30:25"
"720","383","3","0","2018-06-13 05:30:25","2018-06-13 05:30:25"
"721","384","4","1","2018-06-13 05:54:12","2018-06-13 05:54:12"
"722","384","6","0","2018-06-13 05:54:12","2018-06-13 05:54:12"
"723","385","2","0","2018-06-13 05:59:16","2018-06-13 05:59:16"
"724","385","4","1","2018-06-13 05:59:16","2018-06-13 05:59:16"
"725","386","2","1","2018-06-13 07:11:29","2018-06-13 07:11:29"
"726","386","5","0","2018-06-13 07:11:29","2018-06-13 07:11:29"
"727","387","4","1","2018-06-13 07:12:23","2018-06-13 07:12:23"
"728","387","6","0","2018-06-13 07:12:23","2018-06-13 07:12:23"
"729","388","3","1","2018-06-13 07:14:55","2018-06-13 07:14:55"
"730","388","6","0","2018-06-13 07:14:55","2018-06-13 07:14:55"
"731","389","5","0","2018-06-13 07:41:18","2018-06-13 07:41:18"
"732","390","4","1","2018-06-13 07:51:05","2018-06-13 07:51:05"
"733","390","6","0","2018-06-13 07:51:05","2018-06-13 07:51:05"
"734","391","3","1","2018-06-13 07:56:28","2018-06-13 07:56:28"
"735","391","2","0","2018-06-13 07:56:28","2018-06-13 07:56:28"
"736","392","6","0","2018-06-13 08:21:24","2018-06-13 08:21:24"
"737","392","4","1","2018-06-13 08:21:24","2018-06-13 08:21:24"
"738","393","3","0","2018-06-13 08:53:02","2018-06-13 08:53:02"
"739","393","5","1","2018-06-13 08:53:02","2018-06-13 08:53:02"
"740","394","4","0","2018-06-13 09:06:26","2018-06-13 09:06:26"
"741","394","2","1","2018-06-13 09:06:26","2018-06-13 09:06:26"
"742","396","6","0","2018-06-13 09:34:29","2018-06-13 09:34:29"
"743","396","4","1","2018-06-13 09:34:29","2018-06-13 09:34:29"
"744","397","3","0","2018-06-13 09:38:07","2018-06-13 09:38:07"
"745","397","6","1","2018-06-13 09:38:07","2018-06-13 09:38:07"
"746","398","2","1","2018-06-13 10:13:06","2018-06-13 10:13:06"
"747","398","4","0","2018-06-13 10:13:06","2018-06-13 10:13:06"
"748","399","6","1","2018-06-13 10:24:56","2018-06-13 10:24:56"
"749","399","5","0","2018-06-13 10:24:56","2018-06-13 10:24:56"
"750","400","3","1","2018-06-13 10:30:32","2018-06-13 10:30:32"
"751","400","6","0","2018-06-13 10:30:32","2018-06-13 10:30:32"
"752","401","4","1","2018-06-13 10:33:14","2018-06-13 10:33:14"
"753","401","5","0","2018-06-13 10:33:14","2018-06-13 10:33:14"
"754","402","4","0","2018-06-13 10:51:50","2018-06-13 10:51:50"
"755","402","5","1","2018-06-13 10:51:50","2018-06-13 10:51:50"
"756","403","4","1","2018-06-13 10:53:46","2018-06-13 10:53:46"
"757","403","6","0","2018-06-13 10:53:46","2018-06-13 10:53:46"
"758","404","5","0","2018-06-13 11:01:05","2018-06-13 11:01:05"
"759","404","2","1","2018-06-13 11:01:05","2018-06-13 11:01:05"
"760","405","2","1","2018-06-13 11:17:37","2018-06-13 11:17:37"
"761","405","6","0","2018-06-13 11:17:37","2018-06-13 11:17:37"
"762","406","4","0","2018-06-13 11:17:38","2018-06-13 11:17:38"
"763","406","2","1","2018-06-13 11:17:38","2018-06-13 11:17:38"
"764","407","3","1","2018-06-13 11:23:26","2018-06-13 11:23:26"
"765","407","5","0","2018-06-13 11:23:26","2018-06-13 11:23:26"
"766","408","3","0","2018-06-13 11:35:25","2018-06-13 11:35:25"
"767","408","6","1","2018-06-13 11:35:25","2018-06-13 11:35:25"
"768","409","2","0","2018-06-13 11:49:14","2018-06-13 11:49:14"
"769","409","6","1","2018-06-13 11:49:14","2018-06-13 11:49:14"
"770","410","2","1","2018-06-13 12:35:39","2018-06-13 12:35:39"
"771","410","5","0","2018-06-13 12:35:39","2018-06-13 12:35:39"
"772","411","2","1","2018-06-13 12:52:06","2018-06-13 12:52:06"
"773","411","6","0","2018-06-13 12:52:06","2018-06-13 12:52:06"
"774","412","6","1","2018-06-13 13:09:27","2018-06-13 13:09:27"
"775","412","2","0","2018-06-13 13:09:27","2018-06-13 13:09:27"
"776","413","6","0","2018-06-13 13:22:55","2018-06-13 13:22:55"
"777","413","2","1","2018-06-13 13:22:55","2018-06-13 13:22:55"
"778","414","2","1","2018-06-13 13:24:45","2018-06-13 13:24:45"
"779","414","4","0","2018-06-13 13:24:45","2018-06-13 13:24:45"
"780","415","2","1","2018-06-13 13:25:21","2018-06-13 13:25:21"
"781","415","4","0","2018-06-13 13:25:21","2018-06-13 13:25:21"
"782","416","4","0","2018-06-13 13:37:12","2018-06-13 13:37:12"
"783","416","2","1","2018-06-13 13:37:12","2018-06-13 13:37:12"
"784","417","2","0","2018-06-13 14:04:29","2018-06-13 14:04:29"
"785","417","5","1","2018-06-13 14:04:29","2018-06-13 14:04:29"
"786","418","4","1","2018-06-13 14:14:02","2018-06-13 14:14:02"
"787","418","6","0","2018-06-13 14:14:02","2018-06-13 14:14:02"
"788","419","6","0","2018-06-13 14:24:30","2018-06-13 14:24:30"
"789","419","4","1","2018-06-13 14:24:30","2018-06-13 14:24:30"
"790","420","5","1","2018-06-13 14:28:05","2018-06-13 14:28:05"
"791","420","2","0","2018-06-13 14:28:05","2018-06-13 14:28:05"
"792","421","4","0","2018-06-13 14:38:06","2018-06-13 14:38:06"
"793","421","6","1","2018-06-13 14:38:06","2018-06-13 14:38:06"
"794","422","6","0","2018-06-13 15:00:14","2018-06-13 15:00:14"
"795","422","4","1","2018-06-13 15:00:14","2018-06-13 15:00:14"
"796","423","2","1","2018-06-13 15:32:11","2018-06-13 15:32:11"
"797","423","6","0","2018-06-13 15:32:11","2018-06-13 15:32:11"
"798","424","4","0","2018-06-13 15:47:27","2018-06-13 15:47:27"
"799","424","5","1","2018-06-13 15:47:27","2018-06-13 15:47:27"
"800","425","5","1","2018-06-13 16:02:57","2018-06-13 16:02:57"
"801","425","2","0","2018-06-13 16:02:57","2018-06-13 16:02:57"
"802","426","5","1","2018-06-13 16:15:22","2018-06-13 16:15:22"
"803","426","2","0","2018-06-13 16:15:22","2018-06-13 16:15:22"
"804","427","6","1","2018-06-13 16:22:45","2018-06-13 16:22:45"
"805","427","4","0","2018-06-13 16:22:45","2018-06-13 16:22:45"
"806","428","2","1","2018-06-13 18:28:36","2018-06-13 18:28:36"
"807","428","6","0","2018-06-13 18:28:36","2018-06-13 18:28:36"
"808","429","5","0","2018-06-13 18:54:50","2018-06-13 18:54:50"
"809","429","2","1","2018-06-13 18:54:50","2018-06-13 18:54:50"
"810","430","6","1","2018-06-13 19:06:58","2018-06-13 19:06:58"
"811","430","2","0","2018-06-13 19:06:58","2018-06-13 19:06:58"
"812","431","4","0","2018-06-13 19:10:01","2018-06-13 19:10:01"
"813","431","6","1","2018-06-13 19:10:01","2018-06-13 19:10:01"
"814","432","4","1","2018-06-13 19:22:12","2018-06-13 19:22:12"
"815","432","2","0","2018-06-13 19:22:12","2018-06-13 19:22:12"
"816","433","2","0","2018-06-13 19:50:39","2018-06-13 19:50:39"
"817","433","6","1","2018-06-13 19:50:39","2018-06-13 19:50:39"
"818","434","5","0","2018-06-13 19:52:59","2018-06-13 19:52:59"
"819","434","6","1","2018-06-13 19:52:59","2018-06-13 19:52:59"
"820","435","4","1","2018-06-13 19:53:20","2018-06-13 19:53:20"
"821","435","6","0","2018-06-13 19:53:20","2018-06-13 19:53:20"
"822","436","2","0","2018-06-13 20:03:52","2018-06-13 20:03:52"
"823","436","3","1","2018-06-13 20:03:52","2018-06-13 20:03:52"
"824","437","5","0","2018-06-13 20:39:57","2018-06-13 20:39:57"
"825","437","6","1","2018-06-13 20:39:57","2018-06-13 20:39:57"
"826","438","4","1","2018-06-13 23:05:18","2018-06-13 23:05:18"
"827","438","6","0","2018-06-13 23:05:18","2018-06-13 23:05:18"
"828","439","4","0","2018-06-13 23:53:46","2018-06-13 23:53:46"
"829","439","6","1","2018-06-13 23:53:46","2018-06-13 23:53:46"
"830","440","6","0","2018-06-14 00:11:07","2018-06-14 00:11:07"
"831","440","4","1","2018-06-14 00:11:07","2018-06-14 00:11:07"
"832","441","6","0","2018-06-14 00:37:40","2018-06-14 00:37:40"
"833","441","2","1","2018-06-14 00:37:40","2018-06-14 00:37:40"
"834","442","4","0","2018-06-14 01:31:50","2018-06-14 01:31:50"
"835","442","5","1","2018-06-14 01:31:50","2018-06-14 01:31:50"
"836","443","5","1","2018-06-14 01:53:55","2018-06-14 01:53:55"
"837","443","6","0","2018-06-14 01:53:55","2018-06-14 01:53:55"
"838","444","3","1","2018-06-14 04:02:27","2018-06-14 04:02:27"
"839","444","5","0","2018-06-14 04:02:27","2018-06-14 04:02:27"
"840","445","6","1","2018-06-14 07:28:29","2018-06-14 07:28:29"
"841","445","5","0","2018-06-14 07:28:29","2018-06-14 07:28:29"
"842","446","6","1","2018-06-14 07:32:38","2018-06-14 07:32:38"
"843","446","4","0","2018-06-14 07:32:38","2018-06-14 07:32:38"
"844","447","4","0","2018-06-14 08:03:33","2018-06-14 08:03:33"
"845","447","6","1","2018-06-14 08:03:33","2018-06-14 08:03:33"
"846","448","2","0","2018-06-14 08:54:41","2018-06-14 08:54:41"
"847","448","3","1","2018-06-14 08:54:41","2018-06-14 08:54:41"
"848","449","4","0","2018-06-14 09:38:57","2018-06-14 09:38:57"
"849","449","5","1","2018-06-14 09:38:57","2018-06-14 09:38:57"
"850","450","4","0","2018-06-14 09:56:42","2018-06-14 09:56:42"
"851","451","6","0","2018-06-14 10:38:52","2018-06-14 10:38:52"
"852","451","4","1","2018-06-14 10:38:52","2018-06-14 10:38:52"
"853","452","4","1","2018-06-14 10:42:08","2018-06-14 10:42:08"
"854","452","6","0","2018-06-14 10:42:08","2018-06-14 10:42:08"
"855","453","2","0","2018-06-14 10:45:33","2018-06-14 10:45:33"
"856","453","4","1","2018-06-14 10:45:33","2018-06-14 10:45:33"
"857","454","5","0","2018-06-14 11:42:22","2018-06-14 11:42:22"
"858","454","4","1","2018-06-14 11:42:22","2018-06-14 11:42:22"
"859","455","5","0","2018-06-14 13:04:52","2018-06-14 13:04:52"
"860","455","4","1","2018-06-14 13:04:52","2018-06-14 13:04:52"
"861","456","3","0","2018-06-14 13:22:54","2018-06-14 13:22:54"
"862","456","4","1","2018-06-14 13:22:54","2018-06-14 13:22:54"
"863","457","4","0","2018-06-14 13:41:16","2018-06-14 13:41:16"
"864","457","6","1","2018-06-14 13:41:16","2018-06-14 13:41:16"
"865","458","3","1","2018-06-14 14:07:35","2018-06-14 14:07:35"
"866","458","6","0","2018-06-14 14:07:35","2018-06-14 14:07:35"
"867","459","4","0","2018-06-14 14:28:52","2018-06-14 14:28:52"
"868","459","5","1","2018-06-14 14:28:52","2018-06-14 14:28:52"
"869","460","6","1","2018-06-14 14:54:26","2018-06-14 14:54:26"
"870","460","4","0","2018-06-14 14:54:26","2018-06-14 14:54:26"
"871","461","4","0","2018-06-14 15:04:49","2018-06-14 15:04:49"
"872","462","4","0","2018-06-14 15:06:37","2018-06-14 15:06:37"
"873","462","6","1","2018-06-14 15:06:37","2018-06-14 15:06:37"
"874","463","6","0","2018-06-14 15:20:23","2018-06-14 15:20:23"
"875","463","3","1","2018-06-14 15:20:23","2018-06-14 15:20:23"
"876","464","2","1","2018-06-14 15:29:42","2018-06-14 15:29:42"
"877","464","5","0","2018-06-14 15:29:42","2018-06-14 15:29:42"
"878","465","5","0","2018-06-14 15:53:48","2018-06-14 15:53:48"
"879","465","6","1","2018-06-14 15:53:48","2018-06-14 15:53:48"
"880","466","4","0","2018-06-14 15:57:56","2018-06-14 15:57:56"
"881","466","5","1","2018-06-14 15:57:56","2018-06-14 15:57:56"
"882","467","2","0","2018-06-14 16:15:12","2018-06-14 16:15:12"
"883","467","3","1","2018-06-14 16:15:12","2018-06-14 16:15:12"
"884","468","3","1","2018-06-14 16:15:20","2018-06-14 16:15:20"
"885","468","2","0","2018-06-14 16:15:20","2018-06-14 16:15:20"
"886","469","4","0","2018-06-14 16:17:18","2018-06-14 16:17:18"
"887","470","2","0","2018-06-14 16:17:44","2018-06-14 16:17:44"
"888","470","3","1","2018-06-14 16:17:44","2018-06-14 16:17:44"
"889","471","4","0","2018-06-14 16:18:39","2018-06-14 16:18:39"
"890","471","5","1","2018-06-14 16:18:39","2018-06-14 16:18:39"
"891","472","6","1","2018-06-14 16:22:55","2018-06-14 16:22:55"
"892","472","4","0","2018-06-14 16:22:55","2018-06-14 16:22:55"
"893","473","4","0","2018-06-14 16:26:00","2018-06-14 16:26:00"
"894","474","5","1","2018-06-14 16:36:39","2018-06-14 16:36:39"
"895","474","6","0","2018-06-14 16:36:39","2018-06-14 16:36:39"
"896","475","6","0","2018-06-14 16:39:13","2018-06-14 16:39:13"
"897","475","4","1","2018-06-14 16:39:13","2018-06-14 16:39:13"
"898","476","3","1","2018-06-14 17:04:02","2018-06-14 17:04:02"
"899","476","2","0","2018-06-14 17:04:02","2018-06-14 17:04:02"
"900","477","5","1","2018-06-14 17:31:30","2018-06-14 17:31:30"
"901","477","2","0","2018-06-14 17:31:30","2018-06-14 17:31:30"
"902","478","3","1","2018-06-14 17:33:57","2018-06-14 17:33:57"
"903","478","4","0","2018-06-14 17:33:57","2018-06-14 17:33:57"
"904","479","4","0","2018-06-14 17:38:24","2018-06-14 17:38:24"
"905","479","6","1","2018-06-14 17:38:24","2018-06-14 17:38:24"
"906","480","6","0","2018-06-14 17:42:48","2018-06-14 17:42:48"
"907","480","4","1","2018-06-14 17:42:48","2018-06-14 17:42:48"
"908","481","6","0","2018-06-14 17:48:43","2018-06-14 17:48:43"
"909","481","4","1","2018-06-14 17:48:43","2018-06-14 17:48:43"
"910","482","6","1","2018-06-14 17:51:40","2018-06-14 17:51:40"
"911","482","4","0","2018-06-14 17:51:40","2018-06-14 17:51:40"
"912","483","4","0","2018-06-14 18:10:01","2018-06-14 18:10:01"
"913","483","6","1","2018-06-14 18:10:01","2018-06-14 18:10:01"
"914","484","6","0","2018-06-14 18:10:18","2018-06-14 18:10:18"
"915","484","4","1","2018-06-14 18:10:18","2018-06-14 18:10:18"
"916","485","2","0","2018-06-14 18:21:32","2018-06-14 18:21:32"
"917","485","6","1","2018-06-14 18:21:32","2018-06-14 18:21:32"
"918","486","2","0","2018-06-14 18:25:21","2018-06-14 18:25:21"
"919","486","3","1","2018-06-14 18:25:21","2018-06-14 18:25:21"
"920","487","6","1","2018-06-14 18:41:06","2018-06-14 18:41:06"
"921","487","4","0","2018-06-14 18:41:06","2018-06-14 18:41:06"
"922","488","4","0","2018-06-14 19:22:39","2018-06-14 19:22:39"
"923","488","5","1","2018-06-14 19:22:39","2018-06-14 19:22:39"
"924","489","2","0","2018-06-14 19:24:50","2018-06-14 19:24:50"
"925","489","5","1","2018-06-14 19:24:50","2018-06-14 19:24:50"
"926","490","5","0","2018-06-14 19:49:55","2018-06-14 19:49:55"
"927","490","4","1","2018-06-14 19:49:55","2018-06-14 19:49:55"
"928","491","5","1","2018-06-14 19:51:00","2018-06-14 19:51:00"
"929","491","4","0","2018-06-14 19:51:00","2018-06-14 19:51:00"
"930","492","2","0","2018-06-14 21:57:50","2018-06-14 21:57:50"
"931","492","5","1","2018-06-14 21:57:50","2018-06-14 21:57:50"
"932","494","6","0","2018-06-14 22:07:17","2018-06-14 22:07:17"
"933","494","5","1","2018-06-14 22:07:17","2018-06-14 22:07:17"
"934","495","2","1","2018-06-14 22:26:13","2018-06-14 22:26:13"
"935","495","4","0","2018-06-14 22:26:13","2018-06-14 22:26:13"
"936","496","2","1","2018-06-14 23:05:08","2018-06-14 23:05:08"
"937","496","5","0","2018-06-14 23:05:08","2018-06-14 23:05:08"
"938","497","3","1","2018-06-15 01:08:25","2018-06-15 01:08:25"
"939","497","4","0","2018-06-15 01:08:25","2018-06-15 01:08:25"
"940","498","4","1","2018-06-15 01:22:48","2018-06-15 01:22:48"
"941","498","5","0","2018-06-15 01:22:48","2018-06-15 01:22:48"
"942","499","4","1","2018-06-15 04:13:59","2018-06-15 04:13:59"
"943","499","6","0","2018-06-15 04:13:59","2018-06-15 04:13:59"
"944","500","4","0","2018-06-15 05:57:43","2018-06-15 05:57:43"
"945","500","3","1","2018-06-15 05:57:43","2018-06-15 05:57:43"
"946","501","5","0","2018-06-15 08:58:30","2018-06-15 08:58:30"
"947","502","3","1","2018-06-15 10:23:10","2018-06-15 10:23:10"
"948","502","4","0","2018-06-15 10:23:10","2018-06-15 10:23:10"
"949","503","3","0","2018-06-15 10:31:49","2018-06-15 10:31:49"
"950","503","2","1","2018-06-15 10:31:49","2018-06-15 10:31:49"
"951","504","5","0","2018-06-15 10:46:56","2018-06-15 10:46:56"
"952","505","4","1","2018-06-15 11:17:54","2018-06-15 11:17:54"
"953","505","2","0","2018-06-15 11:17:54","2018-06-15 11:17:54"
"954","506","2","0","2018-06-15 13:16:48","2018-06-15 13:16:48"
"955","506","5","1","2018-06-15 13:16:48","2018-06-15 13:16:48"
"956","507","2","1","2018-06-15 16:28:14","2018-06-15 16:28:14"
"957","507","4","0","2018-06-15 16:28:14","2018-06-15 16:28:14"
"958","508","2","1","2018-06-15 16:43:19","2018-06-15 16:43:19"
"959","508","4","0","2018-06-15 16:43:19","2018-06-15 16:43:19"
"960","509","5","1","2018-06-15 17:00:49","2018-06-15 17:00:49"
"961","509","2","0","2018-06-15 17:00:49","2018-06-15 17:00:49"
"962","510","2","0","2018-06-15 18:40:45","2018-06-15 18:40:45"
"963","510","6","1","2018-06-15 18:40:45","2018-06-15 18:40:45"
"964","511","2","0","2018-06-15 19:05:13","2018-06-15 19:05:13"
"965","511","4","1","2018-06-15 19:05:13","2018-06-15 19:05:13"
"966","512","2","0","2018-06-15 19:52:08","2018-06-15 19:52:08"
"967","513","6","0","2018-06-15 20:30:22","2018-06-15 20:30:22"
"968","513","5","1","2018-06-15 20:30:22","2018-06-15 20:30:22"
"969","514","2","0","2018-06-15 23:47:21","2018-06-15 23:47:21"
"970","514","6","1","2018-06-15 23:47:21","2018-06-15 23:47:21"
"971","515","2","1","2018-06-16 01:06:47","2018-06-16 01:06:47"
"972","515","6","0","2018-06-16 01:06:47","2018-06-16 01:06:47"
"973","516","4","1","2018-06-16 02:23:22","2018-06-16 02:23:22"
"974","516","6","0","2018-06-16 02:23:22","2018-06-16 02:23:22"
"975","517","3","1","2018-06-16 03:10:08","2018-06-16 03:10:08"
"976","517","2","0","2018-06-16 03:10:08","2018-06-16 03:10:08"
"977","518","6","1","2018-06-16 03:27:27","2018-06-16 03:27:27"
"978","518","2","0","2018-06-16 03:27:27","2018-06-16 03:27:27"
"979","519","3","1","2018-06-16 06:40:56","2018-06-16 06:40:56"
"980","519","2","0","2018-06-16 06:40:56","2018-06-16 06:40:56"
"981","520","4","1","2018-06-16 11:46:27","2018-06-16 11:46:27"
"982","520","6","0","2018-06-16 11:46:27","2018-06-16 11:46:27"
"983","521","6","1","2018-06-16 12:23:46","2018-06-16 12:23:46"
"984","521","5","0","2018-06-16 12:23:46","2018-06-16 12:23:46"
"985","522","5","1","2018-06-16 13:09:45","2018-06-16 13:09:45"
"986","522","2","0","2018-06-16 13:09:45","2018-06-16 13:09:45"
"987","523","2","0","2018-06-16 14:43:38","2018-06-16 14:43:38"
"988","523","3","1","2018-06-16 14:43:38","2018-06-16 14:43:38"
"989","524","6","0","2018-06-16 15:12:21","2018-06-16 15:12:21"
"990","524","4","1","2018-06-16 15:12:21","2018-06-16 15:12:21"
"991","525","2","1","2018-06-16 19:15:31","2018-06-16 19:15:31"
"992","525","4","0","2018-06-16 19:15:31","2018-06-16 19:15:31"
"993","526","6","0","2018-06-16 20:05:08","2018-06-16 20:05:08"
"994","527","4","1","2018-06-16 21:59:52","2018-06-16 21:59:52"
"995","527","2","0","2018-06-16 21:59:52","2018-06-16 21:59:52"
"996","528","4","1","2018-06-16 22:11:06","2018-06-16 22:11:06"
"997","528","6","0","2018-06-16 22:11:06","2018-06-16 22:11:06"
"998","529","5","0","2018-06-16 23:32:27","2018-06-16 23:32:27"
"999","529","2","1","2018-06-16 23:32:27","2018-06-16 23:32:27"
"1000","530","6","1","2018-06-17 03:23:17","2018-06-17 03:23:17"
"1001","530","3","0","2018-06-17 03:23:17","2018-06-17 03:23:17"
"1002","531","5","0","2018-06-17 07:53:31","2018-06-17 07:53:31"
"1003","531","2","1","2018-06-17 07:53:31","2018-06-17 07:53:31"
"1004","532","4","0","2018-06-17 10:21:17","2018-06-17 10:21:17"
"1005","533","6","0","2018-06-17 10:29:08","2018-06-17 10:29:08"
"1006","533","4","1","2018-06-17 10:29:08","2018-06-17 10:29:08"
"1007","534","5","0","2018-06-17 11:31:55","2018-06-17 11:31:55"
"1008","534","6","1","2018-06-17 11:31:55","2018-06-17 11:31:55"
"1009","535","4","0","2018-06-17 12:32:10","2018-06-17 12:32:10"
"1010","535","5","1","2018-06-17 12:32:10","2018-06-17 12:32:10"
"1011","536","5","0","2018-06-17 15:14:31","2018-06-17 15:14:31"
"1012","536","6","1","2018-06-17 15:14:31","2018-06-17 15:14:31"
"1013","537","2","0","2018-06-17 16:57:12","2018-06-17 16:57:12"
"1014","537","6","1","2018-06-17 16:57:12","2018-06-17 16:57:12"
"1015","538","2","1","2018-06-17 17:34:39","2018-06-17 17:34:39"
"1016","538","5","0","2018-06-17 17:34:39","2018-06-17 17:34:39"
"1017","539","6","0","2018-06-17 17:54:37","2018-06-17 17:54:37"
"1018","539","4","1","2018-06-17 17:54:37","2018-06-17 17:54:37"
"1019","540","2","0","2018-06-17 18:21:56","2018-06-17 18:21:56"
"1020","540","5","1","2018-06-17 18:21:56","2018-06-17 18:21:56"
"1021","541","6","0","2018-06-17 19:26:03","2018-06-17 19:26:03"
"1022","541","4","1","2018-06-17 19:26:03","2018-06-17 19:26:03"
"1023","542","5","0","2018-06-17 19:57:46","2018-06-17 19:57:46"
"1024","542","2","1","2018-06-17 19:57:46","2018-06-17 19:57:46"
"1025","543","4","0","2018-06-17 21:56:35","2018-06-17 21:56:35"
"1026","543","6","1","2018-06-17 21:56:35","2018-06-17 21:56:35"
"1027","544","6","1","2018-06-17 21:57:44","2018-06-17 21:57:44"
"1028","544","2","0","2018-06-17 21:57:44","2018-06-17 21:57:44"
"1029","545","4","1","2018-06-17 22:36:27","2018-06-17 22:36:27"
"1030","545","6","0","2018-06-17 22:36:27","2018-06-17 22:36:27"
"1031","546","4","0","2018-06-18 02:01:37","2018-06-18 02:01:37"
"1032","546","5","1","2018-06-18 02:01:37","2018-06-18 02:01:37"
"1033","547","6","1","2018-06-18 02:41:32","2018-06-18 02:41:32"
"1034","547","4","0","2018-06-18 02:41:32","2018-06-18 02:41:32"
"1035","548","4","1","2018-06-18 03:33:40","2018-06-18 03:33:40"
"1036","548","6","0","2018-06-18 03:33:40","2018-06-18 03:33:40"
"1037","549","2","0","2018-06-18 04:34:44","2018-06-18 04:34:44"
"1038","549","4","1","2018-06-18 04:34:44","2018-06-18 04:34:44"
"1039","550","6","1","2018-06-18 07:58:19","2018-06-18 07:58:19"
"1040","550","5","0","2018-06-18 07:58:19","2018-06-18 07:58:19"
"1041","551","6","0","2018-06-18 08:45:20","2018-06-18 08:45:20"
"1042","551","4","1","2018-06-18 08:45:20","2018-06-18 08:45:20"
"1043","552","4","0","2018-06-18 09:15:05","2018-06-18 09:15:05"
"1044","552","2","1","2018-06-18 09:15:05","2018-06-18 09:15:05"
"1045","553","5","1","2018-06-18 10:50:19","2018-06-18 10:50:19"
"1046","553","6","0","2018-06-18 10:50:19","2018-06-18 10:50:19"
"1047","554","6","0","2018-06-18 12:06:36","2018-06-18 12:06:36"
"1048","554","2","1","2018-06-18 12:06:36","2018-06-18 12:06:36"
"1049","555","4","1","2018-06-18 13:13:46","2018-06-18 13:13:46"
"1050","555","2","0","2018-06-18 13:13:46","2018-06-18 13:13:46"
"1051","556","4","0","2018-06-18 13:54:28","2018-06-18 13:54:28"
"1052","556","2","1","2018-06-18 13:54:28","2018-06-18 13:54:28"
"1053","557","2","0","2018-06-18 15:13:19","2018-06-18 15:13:19"
"1054","557","5","1","2018-06-18 15:13:19","2018-06-18 15:13:19"
"1055","558","4","0","2018-06-18 15:34:22","2018-06-18 15:34:22"
"1056","558","2","1","2018-06-18 15:34:22","2018-06-18 15:34:22"
"1057","559","4","0","2018-06-18 16:46:15","2018-06-18 16:46:15"
"1058","559","6","1","2018-06-18 16:46:15","2018-06-18 16:46:15"
"1059","560","6","0","2018-06-18 19:30:32","2018-06-18 19:30:32"
"1060","560","4","1","2018-06-18 19:30:32","2018-06-18 19:30:32"
"1061","561","6","0","2018-06-18 19:36:25","2018-06-18 19:36:25"
"1062","561","5","1","2018-06-18 19:36:25","2018-06-18 19:36:25"
"1063","562","5","0","2018-06-18 21:30:46","2018-06-18 21:30:46"
"1064","562","6","1","2018-06-18 21:30:46","2018-06-18 21:30:46"
"1065","563","2","0","2018-06-18 22:10:12","2018-06-18 22:10:12"
"1066","563","3","1","2018-06-18 22:10:12","2018-06-18 22:10:12"
"1067","564","4","1","2018-06-18 23:51:09","2018-06-18 23:51:09"
"1068","564","5","0","2018-06-18 23:51:09","2018-06-18 23:51:09"
"1069","565","2","0","2018-06-19 01:13:48","2018-06-19 01:13:48"
"1070","566","6","0","2018-06-19 01:33:06","2018-06-19 01:33:06"
"1071","566","2","1","2018-06-19 01:33:06","2018-06-19 01:33:06"
"1072","567","2","0","2018-06-19 04:55:15","2018-06-19 04:55:15"
"1073","567","3","1","2018-06-19 04:55:15","2018-06-19 04:55:15"
"1074","568","2","0","2018-06-19 04:58:37","2018-06-19 04:58:37"
"1075","568","4","1","2018-06-19 04:58:37","2018-06-19 04:58:37"
"1076","569","4","0","2018-06-19 06:53:57","2018-06-19 06:53:57"
"1077","569","6","1","2018-06-19 06:53:57","2018-06-19 06:53:57"
"1078","570","6","0","2018-06-19 09:39:35","2018-06-19 09:39:35"
"1079","570","4","1","2018-06-19 09:39:35","2018-06-19 09:39:35"
"1080","571","6","0","2018-06-19 11:40:54","2018-06-19 11:40:54"
"1081","571","5","1","2018-06-19 11:40:54","2018-06-19 11:40:54"
"1082","572","2","1","2018-06-19 11:41:50","2018-06-19 11:41:50"
"1083","572","6","0","2018-06-19 11:41:50","2018-06-19 11:41:50"
"1084","573","6","1","2018-06-19 15:40:33","2018-06-19 15:40:33"
"1085","573","3","0","2018-06-19 15:40:33","2018-06-19 15:40:33"
"1086","574","4","1","2018-06-19 17:12:32","2018-06-19 17:12:32"
"1087","574","6","0","2018-06-19 17:12:32","2018-06-19 17:12:32"
"1088","575","3","1","2018-06-19 18:31:09","2018-06-19 18:31:09"
"1089","575","5","0","2018-06-19 18:31:09","2018-06-19 18:31:09"
"1090","576","2","0","2018-06-19 20:37:25","2018-06-19 20:37:25"
"1091","576","4","1","2018-06-19 20:37:25","2018-06-19 20:37:25"
"1092","577","6","0","2018-06-19 22:32:39","2018-06-19 22:32:39"
"1093","577","2","1","2018-06-19 22:32:39","2018-06-19 22:32:39"
"1094","578","6","0","2018-06-19 23:15:17","2018-06-19 23:15:17"
"1095","578","5","1","2018-06-19 23:15:17","2018-06-19 23:15:17"
"1096","579","6","1","2018-06-19 23:24:38","2018-06-19 23:24:38"
"1097","579","4","0","2018-06-19 23:24:38","2018-06-19 23:24:38"
"1098","580","5","0","2018-06-20 01:45:15","2018-06-20 01:45:15"
"1099","580","2","1","2018-06-20 01:45:15","2018-06-20 01:45:15"
"1100","581","6","0","2018-06-20 02:50:43","2018-06-20 02:50:43"
"1101","581","5","1","2018-06-20 02:50:43","2018-06-20 02:50:43"
"1102","582","2","1","2018-06-20 03:23:39","2018-06-20 03:23:39"
"1103","582","4","0","2018-06-20 03:23:39","2018-06-20 03:23:39"
"1104","583","3","1","2018-06-20 12:49:54","2018-06-20 12:49:54"
"1105","583","6","0","2018-06-20 12:49:54","2018-06-20 12:49:54"
"1106","584","6","0","2018-06-20 13:43:29","2018-06-20 13:43:29"
"1107","584","4","1","2018-06-20 13:43:29","2018-06-20 13:43:29"
"1108","585","4","0","2018-06-20 19:04:23","2018-06-20 19:04:23"
"1109","585","6","1","2018-06-20 19:04:23","2018-06-20 19:04:23"
"1110","586","4","1","2018-06-20 19:27:26","2018-06-20 19:27:26"
"1111","586","3","0","2018-06-20 19:27:26","2018-06-20 19:27:26"
"1112","587","2","0","2018-06-20 21:38:05","2018-06-20 21:38:05"
"1113","587","6","1","2018-06-20 21:38:05","2018-06-20 21:38:05"
"1114","588","6","0","2018-06-21 05:54:20","2018-06-21 05:54:20"
"1115","588","4","1","2018-06-21 05:54:20","2018-06-21 05:54:20"
"1116","589","4","1","2018-06-21 07:25:50","2018-06-21 07:25:50"
"1117","589","6","0","2018-06-21 07:25:50","2018-06-21 07:25:50"
"1118","590","4","0","2018-06-21 07:47:03","2018-06-21 07:47:03"
"1119","590","2","1","2018-06-21 07:47:03","2018-06-21 07:47:03"
"1120","591","6","0","2018-06-21 09:23:34","2018-06-21 09:23:34"
"1121","591","4","1","2018-06-21 09:23:34","2018-06-21 09:23:34"
"1122","592","6","0","2018-06-21 09:42:39","2018-06-21 09:42:39"
"1123","592","4","1","2018-06-21 09:42:39","2018-06-21 09:42:39"
"1124","593","5","1","2018-06-21 10:04:45","2018-06-21 10:04:45"
"1125","593","4","0","2018-06-21 10:04:45","2018-06-21 10:04:45"
"1126","594","4","0","2018-06-21 10:06:07","2018-06-21 10:06:07"
"1127","594","5","1","2018-06-21 10:06:07","2018-06-21 10:06:07"
"1128","595","2","0","2018-06-21 11:14:23","2018-06-21 11:14:23"
"1129","595","4","1","2018-06-21 11:14:23","2018-06-21 11:14:23"
"1130","596","6","1","2018-06-21 11:45:12","2018-06-21 11:45:12"
"1131","596","5","0","2018-06-21 11:45:12","2018-06-21 11:45:12"
"1132","597","5","0","2018-06-21 12:28:54","2018-06-21 12:28:54"
"1133","597","3","1","2018-06-21 12:28:54","2018-06-21 12:28:54"
"1134","598","4","0","2018-06-21 14:40:05","2018-06-21 14:40:05"
"1135","598","5","1","2018-06-21 14:40:05","2018-06-21 14:40:05"
"1136","599","5","0","2018-06-21 16:44:47","2018-06-21 16:44:47"
"1137","599","2","1","2018-06-21 16:44:47","2018-06-21 16:44:47"
"1138","600","6","0","2018-06-21 18:02:23","2018-06-21 18:02:23"
"1139","600","3","1","2018-06-21 18:02:23","2018-06-21 18:02:23"
"1140","602","4","1","2018-06-21 20:26:04","2018-06-21 20:26:04"
"1141","602","6","0","2018-06-21 20:26:04","2018-06-21 20:26:04"
"1142","603","6","0","2018-06-21 21:29:06","2018-06-21 21:29:06"
"1143","603","5","1","2018-06-21 21:29:06","2018-06-21 21:29:06"
"1144","604","5","0","2018-06-21 22:07:42","2018-06-21 22:07:42"
"1145","604","4","1","2018-06-21 22:07:42","2018-06-21 22:07:42"
"1146","605","3","1","2018-06-21 22:15:51","2018-06-21 22:15:51"
"1147","605","5","0","2018-06-21 22:15:51","2018-06-21 22:15:51"
"1148","606","4","0","2018-06-21 22:41:44","2018-06-21 22:41:44"
"1149","606","5","1","2018-06-21 22:41:44","2018-06-21 22:41:44"
"1150","607","4","0","2018-06-22 09:22:28","2018-06-22 09:22:28"
"1151","607","5","1","2018-06-22 09:22:28","2018-06-22 09:22:28"
"1152","608","2","1","2018-06-22 16:03:15","2018-06-22 16:03:15"
"1153","608","4","0","2018-06-22 16:03:15","2018-06-22 16:03:15"
"1154","609","2","0","2018-06-22 16:28:26","2018-06-22 16:28:26"
"1155","609","5","1","2018-06-22 16:28:26","2018-06-22 16:28:26"
"1156","610","6","1","2018-06-22 17:30:16","2018-06-22 17:30:16"
"1157","610","2","0","2018-06-22 17:30:16","2018-06-22 17:30:16"
"1158","611","6","1","2018-06-22 18:35:13","2018-06-22 18:35:13"
"1159","611","5","0","2018-06-22 18:35:13","2018-06-22 18:35:13"
"1160","612","6","1","2018-06-22 19:05:02","2018-06-22 19:05:02"
"1161","612","3","0","2018-06-22 19:05:02","2018-06-22 19:05:02"
"1162","613","4","1","2018-06-22 19:15:26","2018-06-22 19:15:26"
"1163","613","6","0","2018-06-22 19:15:26","2018-06-22 19:15:26"
"1164","614","6","1","2018-06-22 19:33:50","2018-06-22 19:33:50"
"1165","614","5","0","2018-06-22 19:33:50","2018-06-22 19:33:50"
"1166","615","2","0","2018-06-22 20:10:58","2018-06-22 20:10:58"
"1167","616","5","0","2018-06-22 22:01:12","2018-06-22 22:01:12"
"1168","617","4","0","2018-06-23 00:35:02","2018-06-23 00:35:02"
"1169","617","6","1","2018-06-23 00:35:02","2018-06-23 00:35:02"
"1170","618","2","0","2018-06-23 06:37:32","2018-06-23 06:37:32"
"1171","618","3","1","2018-06-23 06:37:32","2018-06-23 06:37:32"
"1172","619","5","0","2018-06-23 07:00:16","2018-06-23 07:00:16"
"1173","619","6","1","2018-06-23 07:00:16","2018-06-23 07:00:16"
"1174","620","6","0","2018-06-23 12:01:12","2018-06-23 12:01:12"
"1175","620","4","1","2018-06-23 12:01:12","2018-06-23 12:01:12"
"1176","621","5","0","2018-06-23 18:14:47","2018-06-23 18:14:47"
"1177","621","6","1","2018-06-23 18:14:47","2018-06-23 18:14:47"
"1178","622","6","0","2018-06-23 18:45:41","2018-06-23 18:45:41"
"1179","622","2","1","2018-06-23 18:45:41","2018-06-23 18:45:41"
"1180","623","2","0","2018-06-23 19:43:39","2018-06-23 19:43:39"
"1181","623","3","1","2018-06-23 19:43:39","2018-06-23 19:43:39"
"1182","624","2","0","2018-06-23 20:31:01","2018-06-23 20:31:01"
"1183","624","6","1","2018-06-23 20:31:01","2018-06-23 20:31:01"
"1184","625","2","0","2018-06-23 21:31:42","2018-06-23 21:31:42"
"1185","625","4","1","2018-06-23 21:31:42","2018-06-23 21:31:42"
"1186","626","6","0","2018-06-23 23:01:22","2018-06-23 23:01:22"
"1187","626","4","1","2018-06-23 23:01:22","2018-06-23 23:01:22"
"1188","627","3","1","2018-06-24 05:35:29","2018-06-24 05:35:29"
"1189","627","2","0","2018-06-24 05:35:29","2018-06-24 05:35:29"
"1190","628","2","1","2018-06-24 06:29:53","2018-06-24 06:29:53"
"1191","628","4","0","2018-06-24 06:29:53","2018-06-24 06:29:53"
"1192","629","4","0","2018-06-24 11:30:49","2018-06-24 11:30:49"
"1193","629","2","1","2018-06-24 11:30:49","2018-06-24 11:30:49"
"1194","630","2","0","2018-06-24 12:11:10","2018-06-24 12:11:10"
"1195","630","5","1","2018-06-24 12:11:10","2018-06-24 12:11:10"
"1196","631","2","0","2018-06-24 13:31:16","2018-06-24 13:31:16"
"1197","631","3","1","2018-06-24 13:31:16","2018-06-24 13:31:16"
"1198","632","4","0","2018-06-24 17:29:02","2018-06-24 17:29:02"
"1199","632","6","1","2018-06-24 17:29:02","2018-06-24 17:29:02"
"1200","633","6","0","2018-06-24 17:47:34","2018-06-24 17:47:34"
"1201","633","4","1","2018-06-24 17:47:34","2018-06-24 17:47:34"
"1202","634","6","0","2018-06-24 20:04:56","2018-06-24 20:04:56"
"1203","634","5","1","2018-06-24 20:04:56","2018-06-24 20:04:56"
"1204","635","2","0","2018-06-24 20:24:27","2018-06-24 20:24:27"
"1205","635","3","1","2018-06-24 20:24:27","2018-06-24 20:24:27"
"1206","636","6","0","2018-06-24 20:44:22","2018-06-24 20:44:22"
"1207","636","2","1","2018-06-24 20:44:22","2018-06-24 20:44:22"
"1208","637","4","1","2018-06-24 21:26:22","2018-06-24 21:26:22"
"1209","637","5","0","2018-06-24 21:26:22","2018-06-24 21:26:22"
